6652.8 ; ;
0.0 ; ;
0.0 ; ;
384.048; ;
384.048; ;
384.048; ;
126000.0 ; ;
2,03E+26; ;
0.0 ; 0.0;
0.0 ; 79200.0;
0.0 ; 0.0;
0.0 ; 0.0;
0.0 ;377.952;
0.0 ; 0.00251 ; null
0.0 ;9.881.889.763.779.520; null
0.0 ;3.767.328; null
0.0 ; 0.0 ; null
0.0 ;3.767.328; null
0.0 ; 179645.31null;
1.25Meters ; 49.2125Inchesnull;
456.0Miles ; 2407680.0Feetnull;
456.0Feet ; 0.0Feetnull;
456.0Feet ; 13898.880000000001Centimetersnull;
24456.0Nanometers ; 6.211820645616852E11Inches;
24456.0Millimeters ; 0.0Feet;
4.0Millimeters ; 0.0Feet;
4.0Millimeters ; 0.0Feet;
4.0Millimeters ; 0.0Meters;
4.0Millimeters ; 0.0Meters;
4.0Millimeters ; 0.0Miles;
4.0Feet ; 21119.993241602162Miles;
4.0Millimeters ; 0.0Kilometers;
4.0Millimeters ; 0.0Meters;
4.0Millimeters ; 0.0Nanometers;
4.0Millimeters ; 0.0Miles;
4.0Centimeters ; 2.4854909465992272E-5Miles;
4.0Centimeters ; 4.0E7Nanometers;
4.0Inches ; 48.0Feet;
4.0Inches ; 1.2192Meters;
4.0Nanometers ; 3.9999999999999995E9Meters;
1.5473Feet ; 18.5676Inches;
1.5473Feet ; 5.076443569553805Meters;
1.5473Millimeters ; 0.06091732283464567Inches;
1.5473Millimeters ; 9.616532007458048E-7Miles;
1.5473Feet ; 8169.741385682755Miles;
1.5473Millimeters ; 9.616532007458048E-7Miles;
1.5473Millimeters ; 0.0015473Meters;
54141.0   Miles ; 8.7112869E16    Nanometers;
120541.0 Feet ; 3.67408968E13 Nanometers;
123153.0 Inches ;  is equivalent to  ; 3.75370344E13 Nanometers

12123.0 Feet ;  is equivalent to  ; 39773.62204724409 Meters
12123.0 Feet ;  is equivalent to  ; 3.6950904E12 Nanometers
12123.0 Meters ;  is equivalent to  ; 1.2123E13 Nanometers
12123.0 Inches ;  is equivalent to  ; 3695.0904 Meters
12123.0 Inches ;  is equivalent to  ; 2.296023462 Miles
452.0 Feet ;  is equivalent to  ; 1.377696E11  Nanometers
1.2584 Nanometers ;  is equivalent to  ; 0.0  Nanometers
1.2584 Feet ;  is equivalent to  ; 3.8356032E8  Nanometers
1.2584 Millimeters ;  is equivalent to  ; 1258400.0  Nanometers
1.2584 Millimeters ;  is equivalent to  ; 0.004125901639344262  Feet
1.2584 Feet ;  is equivalent to  ; 15.1008  Inches